CountryName|CountryCode|Year|Value
Russia|RU|92|60
Colombia|CO|83|87
China|CN|33|13
France|FR|47|27
Argentina|AR|36|98
Brazil|BR|54|48
Poland|PL|25|98
Indonesia|ID|97|100
Sweden|SE|15|96
Sweden|SE|51|84
Zambia|ZM|12|100
China|CN|69|49
Indonesia|ID|96|38
Norway|NO|85|93
Mexico|MX|78|86
Brazil|BR|21|42
Russia|RU|96|83
Brazil|BR|31|80
Brazil|BR|52|53
China|CN|94|80
Syria|SY|76|54
Vietnam|VN|6|77
China|CN|62|28
United Kingdom|GB|57|90
Swaziland|SZ|22|24
China|CN|35|80
Indonesia|ID|36|75
Indonesia|ID|61|15
Nepal|NP|65|25
Japan|JP|98|19
Pakistan|PK|97|3
Thailand|TH|48|27
China|CN|11|19
Russia|RU|31|4
Iran|IR|3|95
China|CN|67|3
Russia|RU|2|72
Serbia|RS|10|31
China|CN|17|59
Mexico|MX|28|92
Tunisia|TN|38|75
Russia|RU|25|1
Portugal|PT|81|64
Sweden|SE|53|64
China|CN|52|67
China|CN|19|77
Poland|PL|8|7
Japan|JP|73|83
Poland|PL|74|45
China|CN|91|71
Brazil|BR|55|8
China|CN|96|78
Mali|ML|49|96
Ethiopia|ET|51|85
China|CN|98|35
Thailand|TH|53|55
Bolivia|BO|39|19
Sweden|SE|68|96
Venezuela|VE|26|16
Brazil|BR|60|93
China|CN|1|42
Philippines|PH|13|16
Zambia|ZM|41|62
Russia|RU|49|22
Philippines|PH|50|5
Portugal|PT|37|12
China|CN|90|84
China|CN|51|75
Norway|NO|50|38
China|CN|21|58
Colombia|CO|16|44
Brazil|BR|65|87
Ukraine|UA|32|49
China|CN|30|85
China|CN|7|83
China|CN|100|79
Equatorial Guinea|GQ|82|6
Indonesia|ID|11|81
Afghanistan|AF|33|97
Argentina|AR|4|80
China|CN|80|32
Russia|RU|48|11
South Africa|ZA|16|60
Thailand|TH|78|34
China|CN|87|83
China|CN|29|39
Ukraine|UA|64|69
China|CN|4|76
Greece|GR|100|89
Indonesia|ID|11|61
Indonesia|ID|16|78
Russia|RU|81|13
China|CN|59|51
China|CN|71|36
Finland|FI|82|21
Indonesia|ID|43|91
Poland|PL|65|85
China|CN|81|72
China|CN|95|72
Peru|PE|65|65
Philippines|PH|40|31
Russia|RU|95|44
China|CN|79|18
China|CN|19|15
China|CN|64|61
Greece|GR|67|58
China|CN|73|69
China|CN|46|22
China|CN|59|95
Netherlands|NL|6|93
Slovenia|SI|73|28
Andorra|AD|98|65
Tunisia|TN|12|53
China|CN|58|93
China|CN|13|82
China|CN|78|99
China|CN|47|1
Indonesia|ID|62|7
Philippines|PH|62|84
Russia|RU|12|77
China|CN|94|30
Indonesia|ID|81|29
Philippines|PH|15|22
Poland|PL|37|75
Mexico|MX|83|75
Lithuania|LT|39|70
Philippines|PH|62|15
Colombia|CO|25|63
Indonesia|ID|25|86
China|CN|8|13
Belarus|BY|99|11
Philippines|PH|38|79
China|CN|19|89
Philippines|PH|95|31
Ukraine|UA|96|94
Canada|CA|65|25
Greece|GR|36|58
Poland|PL|90|68
France|FR|22|20
Portugal|PT|63|3
China|CN|47|61
Philippines|PH|25|79
Indonesia|ID|79|1
Poland|PL|53|14
Russia|RU|50|54
China|CN|37|2
Poland|PL|31|30
China|CN|81|88
Japan|JP|39|63
China|CN|4|43
Pakistan|PK|47|32
Portugal|PT|48|83
China|CN|96|21
Martinique|MQ|49|65
China|CN|55|95
Philippines|PH|72|94
Indonesia|ID|69|41
Serbia|RS|38|46
Indonesia|ID|4|3
Indonesia|ID|38|63
Indonesia|ID|8|45
Sweden|SE|73|42
United States|US|19|28
Portugal|PT|29|39
China|CN|4|99
Philippines|PH|29|28
France|FR|16|15
China|CN|31|73
Argentina|AR|94|32
Malaysia|MY|8|8
Russia|RU|11|54
Bulgaria|BG|51|52
Indonesia|ID|21|17
Indonesia|ID|65|8
Iran|IR|33|71
China|CN|25|29
Philippines|PH|55|53
France|FR|11|85
China|CN|50|74
Uganda|UG|41|91
Philippines|PH|95|67
China|CN|20|54
United States|US|44|44
United Kingdom|GB|25|15
Bulgaria|BG|38|49
Sweden|SE|32|36
Poland|PL|81|42
Dominican Republic|DO|33|6
Palestinian Territory|PS|54|6
Indonesia|ID|30|37
China|CN|75|10
Ukraine|UA|84|98
Peru|PE|100|59
Albania|AL|67|76
China|CN|24|89
China|CN|26|56
Russia|RU|72|12
Algeria|DZ|53|78
Vietnam|VN|25|98
North Korea|KP|30|86
Tunisia|TN|33|87
China|CN|31|1
Nigeria|NG|62|1
China|CN|76|80
Brazil|BR|7|6
Panama|PA|20|77
Brazil|BR|86|17
China|CN|11|65
Nigeria|NG|14|100
Indonesia|ID|66|78
Brunei|BN|22|7
Russia|RU|72|49
Croatia|HR|19|26
Portugal|PT|44|70
Nigeria|NG|44|74
Macedonia|MK|33|63
Indonesia|ID|100|66
United States|US|100|95
Indonesia|ID|94|27
China|CN|40|89
Indonesia|ID|79|77
Mongolia|MN|36|43
Poland|PL|69|62
Panama|PA|74|61
Russia|RU|95|100
United States|US|56|41
Kazakhstan|KZ|67|80
China|CN|74|67
Mexico|MX|29|22
Russia|RU|70|69
China|CN|94|98
Indonesia|ID|34|59
Indonesia|ID|57|43
Ukraine|UA|49|3
Somalia|SO|23|39
China|CN|68|91
Honduras|HN|66|4
Sweden|SE|39|50
Brazil|BR|72|62
Brazil|BR|34|6
Peru|PE|11|55
Indonesia|ID|35|34
Russia|RU|14|45
Indonesia|ID|42|2
France|FR|16|43
Mexico|MX|22|65
Afghanistan|AF|70|27
China|CN|56|63
Thailand|TH|96|78
Brazil|BR|60|86
Poland|PL|60|48
China|CN|33|83
Democratic Republic of the Congo|CD|97|44
Indonesia|ID|17|1
Philippines|PH|90|92
Czech Republic|CZ|87|37
Equatorial Guinea|GQ|74|50
Canada|CA|15|67
Portugal|PT|85|34
Egypt|EG|21|11
Slovenia|SI|70|11
Indonesia|ID|89|48
China|CN|13|68
China|CN|37|72
China|CN|9|79
Indonesia|ID|27|49
Vietnam|VN|17|99
United States|US|61|46
China|CN|44|24
Indonesia|ID|93|96
Uruguay|UY|63|26
Indonesia|ID|94|31
China|CN|43|13
Sweden|SE|65|60
Indonesia|ID|27|52
Indonesia|ID|72|35
Egypt|EG|72|45
Nigeria|NG|31|61
Finland|FI|2|3
Ukraine|UA|57|10
Portugal|PT|11|45
Venezuela|VE|60|63
China|CN|26|43
Japan|JP|58|41
Cuba|CU|86|8
China|CN|91|98
China|CN|19|22
Honduras|HN|57|22
Canada|CA|25|53
Nigeria|NG|37|89
Indonesia|ID|53|59
Brazil|BR|42|21
Iran|IR|65|74
Panama|PA|96|38
China|CN|9|64
China|CN|27|84
Poland|PL|24|39
Azerbaijan|AZ|29|89
Czech Republic|CZ|100|84
Bolivia|BO|14|37
China|CN|5|97
United States|US|86|64
Indonesia|ID|73|33
France|FR|48|26
Brazil|BR|87|87
Philippines|PH|50|68
Finland|FI|61|68
China|CN|58|12
Philippines|PH|32|46
Peru|PE|62|20
China|CN|28|22
Portugal|PT|93|56
China|CN|35|90
Philippines|PH|47|5
Philippines|PH|22|11
Poland|PL|19|70
Albania|AL|40|56
China|CN|10|64
Albania|AL|91|7
Ireland|IE|45|14
Russia|RU|2|9
Croatia|HR|15|45
China|CN|86|68
China|CN|75|93
Indonesia|ID|30|23
Peru|PE|62|67
China|CN|22|38
Portugal|PT|31|92
Poland|PL|68|48
Palestinian Territory|PS|75|1
Vietnam|VN|57|7
Liberia|LR|15|67
Nigeria|NG|77|50
Sweden|SE|91|33
Greece|GR|8|38
Indonesia|ID|62|43
China|CN|72|38
China|CN|37|90
Sweden|SE|100|54
Mexico|MX|72|12
Chad|TD|91|4
China|CN|84|77
Indonesia|ID|3|76
Indonesia|ID|12|47
Poland|PL|33|36
Armenia|AM|83|74
China|CN|91|50
Thailand|TH|43|22
China|CN|31|73
Costa Rica|CR|35|52
Uruguay|UY|64|41
Armenia|AM|39|79
United States|US|69|70
China|CN|15|92
Poland|PL|19|65
Vietnam|VN|46|15
Russia|RU|87|85
Ecuador|EC|65|42
Indonesia|ID|47|50
France|FR|69|40
Indonesia|ID|43|98
China|CN|82|44
Argentina|AR|66|55
Russia|RU|96|58
Indonesia|ID|13|53
Thailand|TH|23|50
Mexico|MX|59|18
Portugal|PT|68|46
Thailand|TH|81|18
China|CN|42|28
Venezuela|VE|23|50
Philippines|PH|81|18
Portugal|PT|40|36
Thailand|TH|77|19
Indonesia|ID|99|86
Albania|AL|95|11
China|CN|8|2
Brazil|BR|5|78
Mauritius|MU|48|11
Indonesia|ID|73|61
Togo|TG|1|97
Russia|RU|51|29
Indonesia|ID|28|12
Poland|PL|2|84
Sweden|SE|84|80
Indonesia|ID|61|32
Indonesia|ID|62|17
Russia|RU|3|5
China|CN|15|14
France|FR|81|68
Slovenia|SI|38|27
Indonesia|ID|67|68
Serbia|RS|100|7
Peru|PE|8|46
China|CN|8|92
Brazil|BR|4|51
Zambia|ZM|68|23
China|CN|94|86
Panama|PA|53|48
China|CN|35|87
Russia|RU|29|65
Canada|CA|9|34
Czech Republic|CZ|58|67
Russia|RU|87|79
China|CN|58|58
China|CN|8|92
China|CN|37|61
China|CN|22|58
Mexico|MX|74|32
Czech Republic|CZ|37|61
Brazil|BR|16|14
Indonesia|ID|34|40
Ukraine|UA|10|65
Japan|JP|40|95
France|FR|96|21
United States|US|31|90
Brazil|BR|77|79
China|CN|17|16
Indonesia|ID|38|97
Armenia|AM|34|60
Spain|ES|1|23
Argentina|AR|61|94
China|CN|39|6
United States|US|7|29
Portugal|PT|18|69
Palestinian Territory|PS|99|51
Portugal|PT|89|7
Nigeria|NG|93|31
United States|US|100|50
China|CN|57|2
Chile|CL|62|9
Indonesia|ID|45|42
Portugal|PT|36|33
China|CN|56|89
Slovakia|SK|53|87
China|CN|6|18
Ireland|IE|16|27
Senegal|SN|14|21
Russia|RU|28|64
China|CN|48|97
France|FR|30|97
China|CN|64|45
Philippines|PH|70|22
Indonesia|ID|67|45
Sweden|SE|98|9
Sweden|SE|37|20
Venezuela|VE|94|35
United Kingdom|GB|67|2
Poland|PL|57|100
Russia|RU|86|54
Bulgaria|BG|88|72
Philippines|PH|84|72
Russia|RU|69|23
Netherlands|NL|9|11
Brazil|BR|24|26
Tanzania|TZ|97|85
China|CN|97|14
Estonia|EE|72|78
Sweden|SE|36|72
Albania|AL|30|19
Brazil|BR|96|48
Greece|GR|8|19
Indonesia|ID|96|22
Poland|PL|65|27
Indonesia|ID|37|66
Nigeria|NG|10|35
Greece|GR|94|27
Yemen|YE|69|1
Iraq|IQ|16|55
Belarus|BY|65|97
Brazil|BR|54|37
China|CN|1|87
China|CN|53|30
Indonesia|ID|43|35
Indonesia|ID|87|63
China|CN|64|56
Ivory Coast|CI|34|78
Brazil|BR|73|29
China|CN|79|5
Paraguay|PY|77|84
United States|US|30|94
Croatia|HR|7|42
Vietnam|VN|79|6
Slovenia|SI|74|64
Armenia|AM|17|38
Croatia|HR|14|22
Indonesia|ID|45|34
China|CN|48|50
Ukraine|UA|3|69
Poland|PL|30|44
Kenya|KE|100|32
Chile|CL|7|37
Philippines|PH|78|35
Indonesia|ID|53|40
China|CN|79|25
China|CN|48|65
China|CN|54|63
Venezuela|VE|14|23
China|CN|94|51
Tuvalu|TV|15|67
Indonesia|ID|91|75
Russia|RU|47|23
Libya|LY|36|58
Argentina|AR|100|7
China|CN|87|67
Denmark|DK|71|56
Burkina Faso|BF|57|29
China|CN|69|88
Russia|RU|4|100
Finland|FI|40|22
Portugal|PT|66|12
Sierra Leone|SL|8|32
Japan|JP|30|48
China|CN|13|87
Mongolia|MN|44|55
Brazil|BR|97|91
Indonesia|ID|15|15
Philippines|PH|85|100
Poland|PL|20|92
Greece|GR|54|94
Mongolia|MN|36|66
Czech Republic|CZ|42|67
Armenia|AM|34|68
Japan|JP|57|97
Peru|PE|60|3
Philippines|PH|11|97
China|CN|22|40
Mexico|MX|26|19
Indonesia|ID|94|6
Poland|PL|5|95
Malawi|MW|45|98
China|CN|11|12
Madagascar|MG|6|31
Indonesia|ID|38|31
China|CN|6|86
Brazil|BR|96|79
Russia|RU|30|79
China|CN|64|46
Uganda|UG|64|42
New Caledonia|NC|60|80
France|FR|18|93
South Africa|ZA|100|65
Czech Republic|CZ|37|95
Philippines|PH|85|2
Mauritius|MU|20|84
United States|US|20|19
Czech Republic|CZ|22|78
Ireland|IE|89|83
France|FR|37|86
Portugal|PT|83|63
Philippines|PH|42|26
Indonesia|ID|26|26
Uganda|UG|57|63
Indonesia|ID|58|87
Mongolia|MN|97|89
Pakistan|PK|91|26
Philippines|PH|48|92
China|CN|59|74
Colombia|CO|8|5
Slovenia|SI|59|81
China|CN|91|34
Peru|PE|31|61
Israel|IL|44|22
Peru|PE|3|9
Philippines|PH|46|32
Moldova|MD|50|39
Indonesia|ID|92|77
China|CN|4|6
Brazil|BR|9|50
Ukraine|UA|6|56
China|CN|11|88
Syria|SY|63|56
United States|US|22|14
China|CN|98|16
Czech Republic|CZ|83|52
Afghanistan|AF|60|85
Indonesia|ID|11|34
Iran|IR|91|74
Sri Lanka|LK|73|6
Greece|GR|95|51
Russia|RU|95|48
Armenia|AM|79|74
Philippines|PH|39|35
China|CN|58|70
Canada|CA|54|60
Brazil|BR|52|60
Poland|PL|24|15
Brazil|BR|75|41
Japan|JP|4|64
Iraq|IQ|30|30
Pakistan|PK|76|43
China|CN|20|42
Honduras|HN|58|60
Indonesia|ID|45|69
North Korea|KP|27|73
Russia|RU|46|69
Benin|BJ|73|34
China|CN|4|40
Brazil|BR|87|9
Argentina|AR|17|3
Albania|AL|64|26
Czech Republic|CZ|52|81
South Africa|ZA|7|51
Morocco|MA|87|84
Spain|ES|41|100
China|CN|60|74
United States|US|92|92
Russia|RU|22|61
Sweden|SE|37|34
Sri Lanka|LK|64|63
Colombia|CO|68|6
China|CN|95|95
Bulgaria|BG|97|29
China|CN|24|54
Philippines|PH|26|64
Ukraine|UA|98|94
France|FR|9|71
China|CN|21|75
Morocco|MA|8|55
North Korea|KP|74|93
China|CN|40|34
Greece|GR|39|66
Malaysia|MY|73|85
China|CN|87|92
Lebanon|LB|26|21
Czech Republic|CZ|41|52
China|CN|75|38
Argentina|AR|55|3
Philippines|PH|70|61
China|CN|20|2
Russia|RU|19|31
China|CN|41|98
Hungary|HU|58|51
Sweden|SE|39|32
United States|US|90|21
China|CN|19|27
Russia|RU|79|26
Colombia|CO|83|14
China|CN|69|75
Indonesia|ID|13|83
Cambodia|KH|95|4
Philippines|PH|5|4
Russia|RU|34|91
Ukraine|UA|62|47
Sweden|SE|93|98
Palestinian Territory|PS|89|12
Poland|PL|94|10
Greece|GR|37|89
Argentina|AR|90|64
Peru|PE|94|47
Kenya|KE|46|83
Ukraine|UA|82|11
Cameroon|CM|18|87
Kenya|KE|1|49
Sudan|SD|4|32
Sweden|SE|62|15
Indonesia|ID|85|27
Russia|RU|95|88
China|CN|32|46
Brazil|BR|18|78
Sweden|SE|33|25
Indonesia|ID|6|21
Palau|PW|20|96
Brazil|BR|4|15
Vietnam|VN|30|97
Tunisia|TN|95|37
France|FR|59|68
Indonesia|ID|35|36
Sweden|SE|37|46
Indonesia|ID|41|81
France|FR|49|91
Japan|JP|39|53
Slovenia|SI|57|62
France|FR|84|70
China|CN|99|100
Japan|JP|63|78
Nigeria|NG|31|67
Ireland|IE|8|43
Russia|RU|25|56
Afghanistan|AF|90|73
Thailand|TH|57|18
Czech Republic|CZ|12|99
Philippines|PH|75|37
China|CN|17|100
Sweden|SE|19|9
Peru|PE|70|22
United States|US|86|7
Bangladesh|BD|35|11
United States|US|53|78
Portugal|PT|19|16
China|CN|16|42
Russia|RU|34|3
China|CN|32|56
China|CN|12|96
Indonesia|ID|44|42
China|CN|78|30
United States|US|91|71
Mauritania|MR|26|60
Iceland|IS|31|1
China|CN|16|26
China|CN|8|38
Vietnam|VN|71|97
China|CN|40|81
Russia|RU|17|21
Serbia|RS|65|1
Honduras|HN|17|99
Thailand|TH|73|38
Guatemala|GT|31|51
Japan|JP|30|43
Indonesia|ID|2|43
Vietnam|VN|86|8
South Korea|KR|37|32
Netherlands|NL|98|67
Portugal|PT|88|69
Japan|JP|43|71
Philippines|PH|48|4
Czech Republic|CZ|66|61
China|CN|52|93
Norway|NO|8|78
France|FR|81|26
Croatia|HR|91|70
Philippines|PH|83|30
Greece|GR|64|92
Indonesia|ID|23|13
Indonesia|ID|64|50
Portugal|PT|100|7
Philippines|PH|79|25
Italy|IT|54|72
China|CN|44|33
Sweden|SE|13|6
Brazil|BR|93|8
Philippines|PH|48|17
Vietnam|VN|31|92
United States|US|2|83
Azerbaijan|AZ|27|16
Peru|PE|2|75
Argentina|AR|29|85
Czech Republic|CZ|74|49
Vietnam|VN|43|37
China|CN|73|64
Russia|RU|98|20
Egypt|EG|97|19
Vietnam|VN|69|78
Peru|PE|62|57
Canada|CA|78|50
Indonesia|ID|45|26
Greece|GR|92|66
New Caledonia|NC|58|70
Indonesia|ID|59|3
Peru|PE|21|59
Lithuania|LT|53|98
Indonesia|ID|76|97
Thailand|TH|56|58
Colombia|CO|85|88
China|CN|6|66
Indonesia|ID|94|85
Indonesia|ID|25|51
Marshall Islands|MH|8|67
Colombia|CO|70|22
China|CN|81|79
China|CN|61|74
Indonesia|ID|89|12
Austria|AT|39|59
Pakistan|PK|77|40
Sweden|SE|29|97
Japan|JP|79|30
Vietnam|VN|87|24
Russia|RU|56|99
China|CN|77|56
Tanzania|TZ|49|47
Japan|JP|89|79
Cuba|CU|80|70
Panama|PA|100|20
Philippines|PH|43|30
Indonesia|ID|45|20
Afghanistan|AF|83|14
Cameroon|CM|56|76
Russia|RU|35|61
China|CN|36|92
New Zealand|NZ|25|81
Philippines|PH|12|30
France|FR|29|66
Peru|PE|5|61
Hungary|HU|23|27
Japan|JP|10|90
Czech Republic|CZ|94|69
Poland|PL|70|50
China|CN|25|92
Argentina|AR|52|55
China|CN|67|15
Greece|GR|55|41
Guinea|GN|34|88
Indonesia|ID|62|7
Indonesia|ID|52|99
Brazil|BR|25|93
Cameroon|CM|60|98
Indonesia|ID|11|15
Portugal|PT|9|76
Russia|RU|68|42
France|FR|55|44
Indonesia|ID|6|44
United States|US|29|78
Peru|PE|13|71
Indonesia|ID|74|1
Ecuador|EC|90|75
United States|US|7|33
China|CN|2|52
China|CN|65|22
Angola|AO|50|90
Philippines|PH|9|69
Russia|RU|87|96
Nigeria|NG|2|22
Nepal|NP|30|36
China|CN|87|75
Poland|PL|55|34
China|CN|94|2
Colombia|CO|12|88
South Africa|ZA|38|17
Argentina|AR|54|44
Thailand|TH|79|3
Philippines|PH|25|36
Syria|SY|84|45
Iran|IR|14|93
Indonesia|ID|37|88
Poland|PL|77|24
Argentina|AR|60|2
China|CN|22|43
Czech Republic|CZ|9|89
Guam|GU|30|38
Poland|PL|60|5
Indonesia|ID|99|52
Libya|LY|89|55
Senegal|SN|50|43
Nepal|NP|80|96
Russia|RU|3|71
Poland|PL|30|71
Sierra Leone|SL|74|63
China|CN|75|46
Colombia|CO|20|20
Democratic Republic of the Congo|CD|96|32
Canada|CA|97|61
Panama|PA|72|7
Indonesia|ID|62|49
Brazil|BR|2|82
China|CN|19|61
Argentina|AR|25|68
Portugal|PT|44|67
Guatemala|GT|89|80
Thailand|TH|82|12
Philippines|PH|83|100
Ghana|GH|15|41
Sweden|SE|24|40
Japan|JP|92|18
China|CN|21|71
Mexico|MX|44|85
Indonesia|ID|39|38
Madagascar|MG|35|5
Portugal|PT|41|14
Germany|DE|79|86
Pakistan|PK|37|40
Poland|PL|76|87
Colombia|CO|26|34
Georgia|GE|27|61
Palestinian Territory|PS|74|21
Pakistan|PK|24|14
Finland|FI|5|95
Czech Republic|CZ|47|19
Uruguay|UY|59|49
Indonesia|ID|69|2
Poland|PL|29|33
Brazil|BR|45|79
China|CN|22|45
Guatemala|GT|44|59
China|CN|29|7
France|FR|42|24
Indonesia|ID|56|37
Philippines|PH|5|22
China|CN|54|43
Indonesia|ID|44|32
Estonia|EE|82|85
China|CN|95|63
Russia|RU|9|17
China|CN|87|12
Ukraine|UA|16|77
Egypt|EG|11|20
Indonesia|ID|59|25
Belgium|BE|97|91
Indonesia|ID|31|27
Rwanda|RW|53|29
Philippines|PH|44|82
Luxembourg|LU|64|56
Serbia|RS|2|50
Norway|NO|73|43
France|FR|90|10
Russia|RU|98|21
Portugal|PT|91|93
South Korea|KR|16|30
China|CN|96|91
Guatemala|GT|42|53
Colombia|CO|58|79
Brazil|BR|7|15
Philippines|PH|73|32
Philippines|PH|90|52
Mexico|MX|97|30
Thailand|TH|52|71
China|CN|83|70
China|CN|49|47
Indonesia|ID|89|65
Zimbabwe|ZW|12|90
Philippines|PH|43|83
Nigeria|NG|49|46
Indonesia|ID|27|76
Thailand|TH|6|34
China|CN|40|90
Dominican Republic|DO|40|83
China|CN|57|81
China|CN|54|76
Sweden|SE|36|57
Indonesia|ID|67|74
Poland|PL|24|77
Bangladesh|BD|33|59
Portugal|PT|21|100
Sweden|SE|40|49
Nigeria|NG|56|33
France|FR|95|72
Yemen|YE|30|74
Belarus|BY|12|30
Indonesia|ID|79|1
Russia|RU|51|61
Argentina|AR|92|55
Indonesia|ID|85|18
Indonesia|ID|90|80
China|CN|51|48
China|CN|89|21
Iran|IR|37|88
Russia|RU|24|49
China|CN|66|33
Syria|SY|66|5
Indonesia|ID|75|48
Portugal|PT|62|14
China|CN|48|74
Philippines|PH|6|41
Czech Republic|CZ|22|26
Indonesia|ID|43|59
Indonesia|ID|58|75
Indonesia|ID|91|7
Nicaragua|NI|85|74
Russia|RU|93|32
China|CN|58|51
Pakistan|PK|83|50
Singapore|SG|78|73
France|FR|81|29
Indonesia|ID|37|70
Israel|IL|63|25
Venezuela|VE|68|18
Peru|PE|46|74
Colombia|CO|82|12
China|CN|49|47
Andorra|AD|77|16
China|CN|90|34
Brazil|BR|21|74
Cuba|CU|82|92
Russia|RU|39|53
Indonesia|ID|16|71
Finland|FI|72|15
Brazil|BR|4|18
Indonesia|ID|35|59
Vietnam|VN|41|30
China|CN|87|31
China|CN|60|48
Norway|NO|99|61
Botswana|BW|61|83
Indonesia|ID|40|40
Finland|FI|14|3
Indonesia|ID|53|41
Greece|GR|97|42
Japan|JP|66|91
Vietnam|VN|88|85
Albania|AL|75|81
China|CN|95|42
Portugal|PT|28|66
Argentina|AR|75|60
United States|US|79|77
United States|US|26|87
Sweden|SE|77|28
Ireland|IE|95|100
Bosnia and Herzegovina|BA|15|68
Indonesia|ID|49|100
Niger|NE|54|92
United States|US|53|5
Nigeria|NG|73|47
France|FR|75|53
Russia|RU|74|82
China|CN|88|75
Peru|PE|47|94
Nigeria|NG|42|43
Japan|JP|38|51
Morocco|MA|50|98
Brazil|BR|36|85
Japan|JP|28|16
